{"cameraMode":{"drawMode":0,"name":"Shaded","section":"Shading Mode"},"sceneLighting":false,"audioPlay":false,"sceneViewState":{"m_AlwaysRefresh":false,"showFog":true,"showSkybox":false,"showFlares":true,"showImageEffects":true,"showParticleSystems":true,"showVisualEffectGraphs":true,"m_FxEnabled":true},"in2DMode":false,"pivot":{"x":0.4023003578186035,"y":3.0572104454040529,"z":7.6389007568359379},"rotation":{"x":-0.0898452028632164,"y":0.02688739076256752,"z":0.0024279369972646238,"w":0.9955853819847107},"size":3.605897903442383,"orthographic":false}