{"cameraMode":{"drawMode":0,"name":"Shaded","section":"Shading Mode"},"sceneLighting":false,"audioPlay":false,"sceneViewState":{"m_AlwaysRefresh":false,"showFog":true,"showSkybox":false,"showFlares":true,"showImageEffects":true,"showParticleSystems":true,"showVisualEffectGraphs":true,"m_FxEnabled":true},"in2DMode":false,"pivot":{"x":1.0000475645065308,"y":29.779876708984376,"z":22.494951248168947},"rotation":{"x":0.0038363623898476364,"y":-0.9961408972740173,"z":-0.0658407062292099,"w":-0.05804504454135895},"size":0.06291606277227402,"orthographic":false}