{"cameraMode":{"drawMode":0,"name":"Shaded","section":"Shading Mode"},"sceneLighting":false,"audioPlay":false,"sceneViewState":{"m_AlwaysRefresh":true,"showFog":true,"showSkybox":false,"showFlares":true,"showImageEffects":true,"showParticleSystems":true,"showVisualEffectGraphs":false,"m_FxEnabled":true},"in2DMode":false,"pivot":{"x":-3.4690277576446535,"y":30.369163513183595,"z":8.840821266174317},"rotation":{"x":0.0011615330586209894,"y":0.9972503781318665,"z":0.013141014613211155,"w":-0.07399073243141175},"size":7.068239688873291,"orthographic":false}