{"cameraMode":{"drawMode":0,"name":"Shaded","section":"Shading Mode"},"sceneLighting":true,"audioPlay":false,"sceneViewState":{"m_AlwaysRefresh":true,"showFog":true,"showSkybox":true,"showFlares":true,"showImageEffects":true,"showParticleSystems":true,"showVisualEffectGraphs":false,"m_FxEnabled":true},"in2DMode":false,"pivot":{"x":-2.43052339553833,"y":8.152215003967286,"z":-0.8041934967041016},"rotation":{"x":0.026637500151991845,"y":-0.05571620166301727,"z":-0.0016707227332517505,"w":-0.9981690645217896},"size":6.734984874725342,"orthographic":false}